City_ID,City,Country,Lat,Lng,Max Temp,Humidity,Cloudiness,Wind Speed,Current Description
0,Upernavik,GL,72.7868,-56.1549,39.94,97,100,10.4,light rain
1,Ushuaia,AR,-54.8,-68.3,38.86,60,75,12.66,broken clouds
2,Nanortalik,GL,60.1432,-45.2371,39.06,91,36,8.63,scattered clouds
3,Iracoubo,GF,5.4802,-53.2011,76.03,88,29,5.44,moderate rain
4,Longyearbyen,SJ,78.2186,15.6401,44.44,81,75,3.44,broken clouds
5,Arzgir,RU,45.3728,44.2206,83.57,43,37,8.12,scattered clouds
6,Luba,GQ,3.4568,8.5547,75.09,90,100,4.99,light rain
7,Tecoanapa,MX,16.5167,-98.75,79.52,84,100,2.73,overcast clouds
8,Deputatskiy,RU,69.3,139.9,48.61,78,100,5.21,overcast clouds
9,Vaini,TO,-21.2,-175.2,75.36,78,20,13.8,few clouds
10,Tashtagol,RU,52.7657,87.8894,51.55,88,85,5.64,light rain
11,Kodiak,US,57.79,-152.4072,60.31,67,20,3.44,few clouds
12,Hermanus,ZA,-34.4187,19.2345,54.81,83,66,14.05,moderate rain
13,Cervenia,RO,43.8333,25.4667,72.3,61,0,0.54,clear sky
14,Ipueiras,BR,-7.0333,-40.45,67.12,79,29,11.43,scattered clouds
15,Hilo,US,19.7297,-155.09,80.33,85,40,6.91,scattered clouds
16,Butaritari,KI,3.0707,172.7902,82.04,64,100,12.44,overcast clouds
17,Paamiut,GL,61.994,-49.6678,41.77,87,14,10.45,few clouds
18,Terrace,CA,54.5163,-128.6035,75.11,56,20,5.75,few clouds
19,Olafsvik,IS,64.8945,-23.7142,49.73,83,100,5.08,overcast clouds
20,Busselton,AU,-33.65,115.3333,59.36,60,63,11.36,broken clouds
21,Dharan,NP,26.8125,87.2835,88.74,63,37,3.78,scattered clouds
22,Steinbach,DE,50.1667,8.5667,70.09,72,0,4.61,clear sky
23,Charcas,MX,23.1333,-101.1167,64.04,77,3,9.8,clear sky
24,Cockburn Town,TC,21.4612,-71.1419,82.71,76,57,15.95,broken clouds
25,Guangyuan,CN,32.442,105.823,87.82,69,100,6.38,overcast clouds
26,Puerto Ayora,EC,-0.7393,-90.3518,69.55,88,67,4.0,broken clouds
27,Eureka,US,40.8021,-124.1637,74.68,90,40,5.01,scattered clouds
28,Poum,NC,-20.2333,164.0167,70.03,65,3,15.28,clear sky
29,Port Alfred,ZA,-33.5906,26.891,52.18,86,5,3.0,clear sky
30,Palmer,US,42.1584,-72.3287,65.57,83,100,3.44,light rain
31,Astana,KZ,51.1801,71.446,57.15,51,20,8.95,few clouds
32,Nakhon Thai,TH,17.1006,100.8374,84.76,73,62,4.05,broken clouds
33,Kaitangata,NZ,-46.2817,169.8464,49.6,97,100,5.44,overcast clouds
34,Hithadhoo,MV,-0.6,73.0833,81.91,76,100,12.12,overcast clouds
35,Kavaratti,IN,10.5669,72.642,81.43,77,34,11.14,scattered clouds
36,Tezu,IN,27.9167,96.1667,91.45,60,99,3.44,overcast clouds
37,Makakilo City,US,21.3469,-158.0858,82.72,66,100,12.66,overcast clouds
38,Phalodi,IN,27.1333,72.3667,82.72,72,67,25.39,broken clouds
39,Punta Arenas,CL,-53.15,-70.9167,37.51,75,100,14.97,overcast clouds
40,Avarua,CK,-21.2078,-159.775,69.85,68,75,12.66,broken clouds
41,Atuona,PF,-9.8,-139.0333,77.38,73,12,22.53,few clouds
42,Banda Aceh,ID,5.5577,95.3222,86.07,65,76,6.35,broken clouds
43,Colotlan,MX,22.1,-103.2667,62.47,87,92,1.34,overcast clouds
44,Ulladulla,AU,-35.35,150.4667,64.89,51,100,10.56,light rain
45,Talnakh,RU,69.4865,88.3972,52.21,51,14,19.93,few clouds
46,Tuktoyaktuk,CA,69.4541,-133.0374,57.2,88,100,11.5,overcast clouds
47,Salinas,US,36.6777,-121.6555,68.99,83,100,9.22,haze
48,Rikitea,PF,-23.1203,-134.9692,74.21,77,5,18.66,clear sky
49,Caravelas,BR,-17.7125,-39.2481,69.55,85,33,8.01,scattered clouds
50,Thompson,CA,55.7435,-97.8558,66.36,82,40,5.75,scattered clouds
51,Okhotsk,RU,59.3833,143.3,61.3,81,92,13.51,overcast clouds
52,Boyolangu,ID,-8.1181,111.8935,79.23,77,83,13.8,broken clouds
53,Nishihara,JP,26.1842,127.7558,91.06,70,75,14.97,broken clouds
54,Nome,US,64.5011,-165.4064,53.67,59,100,5.75,overcast clouds
55,San Cristobal,VE,7.7669,-72.225,69.98,91,2,2.17,clear sky
56,Port Lincoln,AU,-34.7333,135.8667,55.99,72,82,20.94,broken clouds
57,Mehamn,NO,71.0357,27.8492,48.15,93,100,13.8,light rain
58,Mount Isa,AU,-20.7333,139.5,82.17,13,0,8.05,clear sky
59,Meulaboh,ID,4.1363,96.1285,84.74,66,95,1.05,overcast clouds
60,Albany,US,42.6001,-73.9662,61.88,94,100,3.38,overcast clouds
61,Guanica,PR,17.9716,-66.908,79.92,92,48,4.34,scattered clouds
62,Arraial Do Cabo,BR,-22.9661,-42.0278,71.46,78,0,19.57,clear sky
63,Sitka,US,57.0531,-135.33,57.09,94,100,4.61,fog
64,Muli,MV,2.9167,73.5667,81.73,74,53,4.72,broken clouds
65,Chuy,UY,-33.6971,-53.4616,48.22,84,34,11.7,scattered clouds
66,Bluff,NZ,-46.6,168.3333,49.59,97,100,9.08,light rain
67,Sao Filipe,CV,14.8961,-24.4956,78.01,77,79,6.64,broken clouds
68,Marsa Matruh,EG,31.3525,27.2453,77.2,88,40,5.75,scattered clouds
69,Tahta,EG,26.7693,31.5021,79.57,48,0,9.98,clear sky
70,Hobart,AU,-42.8794,147.3294,62.06,62,75,16.11,light intensity shower rain
71,Barrow,US,71.2906,-156.7887,39.22,87,100,21.85,overcast clouds
72,Hauterive,FR,46.0901,3.4459,59.76,97,96,1.74,overcast clouds
73,High Level,CA,58.5169,-117.136,73.51,56,20,3.44,few clouds
74,Victoria,HK,22.2855,114.1577,90.18,83,96,5.01,overcast clouds
75,Faya,SA,18.3851,42.4509,64.51,73,43,2.17,scattered clouds
76,Yantal,RU,56.8471,105.2542,50.23,89,100,8.23,overcast clouds
77,Qaanaaq,GL,77.484,-69.3632,34.45,80,99,1.52,overcast clouds
78,Bengkulu,ID,-3.8004,102.2655,85.53,65,34,6.35,scattered clouds
79,Ilulissat,GL,69.2167,-51.1,39.22,93,100,8.05,overcast clouds
80,Castro,BR,-24.7911,-50.0119,60.1,86,100,10.96,overcast clouds
81,Qasigiannguit,GL,68.8193,-51.1922,39.45,98,100,5.23,light rain
82,Jamestown,US,42.097,-79.2353,58.64,72,0,1.01,mist
83,Agadez,NE,19.75,10.25,84.51,17,0,9.55,clear sky
84,Iqaluit,CA,63.7506,-68.5145,40.73,100,100,5.75,light rain
85,Anadyr,RU,64.75,177.4833,54.1,58,40,8.95,scattered clouds
86,Safaga,EG,26.7292,33.9365,85.93,45,0,12.01,clear sky
87,Bredasdorp,ZA,-34.5322,20.0403,51.37,93,50,8.7,light rain
88,Pevek,RU,69.7008,170.3133,42.15,66,21,6.51,few clouds
89,Henties Bay,NA,-22.116,14.2845,52.75,89,0,9.46,clear sky
90,Nyimba,ZM,-14.5566,30.8149,61.77,68,6,2.75,clear sky
91,Fortuna,US,40.5982,-124.1573,58.93,91,100,3.44,overcast clouds
92,North Platte,US,41.1239,-100.7654,67.37,78,0,5.99,clear sky
93,Carnarvon,AU,-24.8667,113.6333,66.72,44,51,15.97,broken clouds
94,Sept-Iles,CA,50.2001,-66.3821,65.05,57,75,8.05,broken clouds
95,Weligama,LK,5.9667,80.4167,84.13,67,82,11.5,broken clouds
96,Port Elizabeth,ZA,-33.918,25.5701,56.32,82,0,18.41,clear sky
97,Yellowknife,CA,62.456,-114.3525,64.92,68,20,8.05,few clouds
98,Synya,RU,65.3718,58.0387,57.67,42,54,1.77,broken clouds
99,Kisangani,CD,0.5167,25.2,68.2,98,100,1.63,overcast clouds
100,Bideford,GB,51.0179,-4.2046,62.1,88,100,4.56,overcast clouds
101,Cidreira,BR,-30.1811,-50.2056,61.3,94,100,4.83,overcast clouds
102,Bonfim,BR,3.0833,-59.95,76.46,78,9,2.82,clear sky
103,Ribeira Grande,PT,38.5167,-28.7,71.33,64,42,2.93,scattered clouds
104,Kawalu,ID,-7.3817,108.2082,78.4,76,84,4.7,broken clouds
105,Lagoa,PT,39.05,-27.9833,70.02,74,100,9.95,overcast clouds
106,Ponta Do Sol,PT,32.6667,-17.1,70.43,67,39,8.23,scattered clouds
107,Codrington,AU,-38.2667,141.9667,55.87,76,92,17.07,overcast clouds
108,Ishigaki,JP,24.3448,124.1572,89.73,79,75,16.11,broken clouds
109,Ballina,AU,-28.8667,153.5667,72.79,57,1,8.1,clear sky
110,Bethel,US,41.3712,-73.414,67.77,86,75,0.0,broken clouds
111,Dunedin,NZ,-45.8742,170.5036,49.57,95,99,6.55,overcast clouds
112,East London,ZA,-33.0153,27.9116,56.34,67,0,8.05,clear sky
113,Inhambane,MZ,-23.865,35.3833,66.18,94,20,4.61,few clouds
114,Esperance,AU,-33.8667,121.9,55.24,61,24,20.71,few clouds
115,Nikolskoye,RU,59.7035,30.7861,69.87,62,66,4.32,broken clouds
116,Altay,CN,47.8667,88.1167,65.89,24,0,8.99,clear sky
117,Kinchil,MX,20.9167,-89.95,80.06,81,52,6.02,broken clouds
118,Kitimat,CA,54.0524,-128.6534,75.58,39,2,1.61,clear sky
119,Naryshkino,RU,52.9678,35.7268,69.78,52,99,14.63,overcast clouds
120,Corning,US,42.1428,-77.0547,59.77,99,20,4.61,few clouds
121,Mataura,NZ,-46.1927,168.8643,50.88,98,99,1.66,moderate rain
122,Gazipur,BD,23.9981,90.423,91.36,66,40,16.11,haze
123,Mar Del Plata,AR,-38.0023,-57.5575,40.08,84,40,11.99,scattered clouds
124,Port Shepstone,ZA,-30.7414,30.455,61.79,70,100,7.58,overcast clouds
125,Ferme-Neuve,CA,46.7001,-75.4493,62.56,68,100,2.98,overcast clouds
126,Namtsy,RU,62.7161,129.6658,57.65,77,77,7.34,light rain
127,Clyde River,CA,70.4692,-68.5914,39.43,100,100,2.3,overcast clouds
128,Itarema,BR,-2.9248,-39.9167,77.49,79,65,15.7,broken clouds
129,Khatanga,RU,71.9667,102.5,47.37,67,100,9.91,overcast clouds
130,Torbay,CA,47.6666,-52.7314,62.76,97,100,9.22,light intensity shower rain
131,Bereda,ES,43.2686,-7.5406,51.42,94,66,2.51,broken clouds
132,Vostok,RU,46.4856,135.8833,78.48,37,59,8.05,broken clouds
133,Srednekolymsk,RU,67.45,153.6833,65.26,51,100,5.91,overcast clouds
134,Labuhan,ID,-6.8844,112.2051,86.52,56,14,6.17,few clouds
135,Alta Floresta,BR,-9.8756,-56.0861,75.4,45,48,2.35,scattered clouds
136,Tocopilla,CL,-22.092,-70.1979,58.87,67,0,7.72,clear sky
137,Naze,JP,28.3667,129.4833,85.12,78,100,11.95,overcast clouds
138,Hamada,JP,34.8833,132.0833,79.52,69,35,6.71,scattered clouds
139,Xixiang,CN,35.1628,112.865,94.14,61,91,3.94,overcast clouds
140,Nelson Bay,AU,-32.7167,152.15,71.1,46,96,4.0,overcast clouds
141,Cape Town,ZA,-33.9258,18.4232,55.11,89,75,11.5,moderate rain
142,Dikson,RU,73.5069,80.5464,40.87,78,100,8.46,overcast clouds
143,Plettenberg Bay,ZA,-34.0527,23.3716,52.83,82,15,11.97,few clouds
144,Zeya,RU,53.75,127.2667,71.51,49,6,9.82,clear sky
145,Tautira,PF,-17.7333,-149.15,74.57,79,100,11.14,light rain
146,Airai,TL,-8.9266,125.4092,74.32,36,73,5.5,broken clouds
147,Ambon,ID,-3.6954,128.1814,86.14,70,20,6.91,few clouds
148,Northam,GB,51.0333,-4.2167,61.39,95,100,4.68,overcast clouds
149,Myitkyina,MM,25.3833,97.4,95.13,53,52,0.54,broken clouds
150,Siena,IT,43.2167,11.4,76.51,73,56,6.17,broken clouds
151,Dobryanka,RU,58.4619,56.4165,58.89,53,1,2.93,clear sky
152,Norman Wells,CA,65.282,-126.8329,77.04,44,75,8.05,broken clouds
153,Korla,CN,41.7597,86.1469,78.6,43,1,8.61,clear sky
154,Luganville,VU,-15.5333,167.1667,80.26,80,90,3.36,overcast clouds
155,Sadovoye,RU,47.7764,44.5089,84.06,39,100,4.0,overcast clouds
156,Kapaa,US,22.0752,-159.319,82.38,78,40,8.05,scattered clouds
157,Viransehir,TR,37.2353,39.7631,88.79,31,0,2.93,clear sky
158,Sangar,RU,63.9242,127.4739,56.5,83,100,3.47,light rain
159,Walvis Bay,NA,-22.9575,14.5053,51.1,93,0,8.05,clear sky
160,Belaya Gora,RU,68.5333,146.4167,61.86,59,81,7.05,broken clouds
161,Flin Flon,CA,54.7682,-101.865,65.07,73,96,4.97,overcast clouds
162,Messina,IT,38.1933,15.5497,86.92,67,0,3.44,clear sky
163,New Norfolk,AU,-42.7826,147.0587,59.92,76,96,5.01,overcast clouds
164,Geraldton,AU,-28.7667,114.6,63.01,55,75,14.97,broken clouds
165,Fairbanks,US,64.8378,-147.7164,71.94,50,40,6.91,scattered clouds
166,Kolomyya,UA,48.5306,25.0403,64.89,89,4,3.6,clear sky
167,Yarmouth,US,41.7057,-70.2286,68.02,84,75,6.91,broken clouds
168,Bonavista,CA,48.6499,-53.1147,60.73,93,100,21.3,overcast clouds
169,Kruisfontein,ZA,-34.0033,24.7314,48.88,84,1,13.94,clear sky
170,Bambous Virieux,MU,-20.3428,57.7575,71.22,88,40,3.44,light rain
171,Katsuura,JP,35.1333,140.3,80.62,85,100,27.78,overcast clouds
172,Tasiilaq,GL,65.6145,-37.6368,42.96,71,99,5.1,overcast clouds
173,Saint-Augustin,CA,51.226,-58.6502,62.04,69,100,7.74,overcast clouds
174,Lorengau,PG,-2.0226,147.2712,83.64,73,48,10.67,scattered clouds
175,Xai-Xai,MZ,-25.0519,33.6442,66.43,50,2,14.0,clear sky
176,Irpa Irpa,BO,-17.7167,-66.2667,61.25,14,25,5.46,scattered clouds
177,Mahebourg,MU,-20.4081,57.7,71.26,88,40,3.44,scattered clouds
178,Havre-Saint-Pierre,CA,50.2334,-63.5986,61.16,77,20,8.05,few clouds
179,Kulhudhuffushi,MV,6.6221,73.07,81.5,73,68,5.44,broken clouds
180,Morant Bay,JM,17.8815,-76.4093,83.82,84,11,5.46,few clouds
181,San Matias,BO,-16.3667,-58.4,83.71,45,18,9.69,few clouds
182,Mogadishu,SO,2.0371,45.3438,76.87,73,75,12.66,broken clouds
183,Necochea,AR,-38.5473,-58.7368,41.79,80,57,13.82,broken clouds
184,Faanui,PF,-16.4833,-151.75,70.29,83,100,7.36,light rain
185,Sinnamary,GF,5.3833,-52.95,77.07,86,24,6.33,heavy intensity rain
186,Avera,US,33.194,-82.5271,71.65,82,47,4.99,scattered clouds
187,Yar-Sale,RU,66.8333,70.8333,51.42,75,100,13.96,overcast clouds
188,Saint-Philippe,RE,-21.3585,55.7679,72.21,69,0,8.34,clear sky
189,Sheregesh,RU,52.9209,87.9869,51.26,85,80,3.85,light rain
190,Waipawa,NZ,-41.4122,175.5153,58.24,89,100,9.75,moderate rain
191,Guerrero Negro,MX,27.9769,-114.0611,73.26,80,100,12.41,overcast clouds
192,Lock Haven,US,41.137,-77.4469,60.98,95,35,2.42,scattered clouds
193,Vanimo,PG,-2.6741,141.3028,84.18,70,43,4.23,scattered clouds
194,Hasaki,JP,35.7333,140.8333,84.29,82,100,24.83,overcast clouds
195,Edson,CA,53.5835,-116.4356,68.14,64,0,4.61,clear sky
196,Dong Hoi,VN,17.4833,106.6,93.67,52,62,6.38,broken clouds
197,Clarence Town,AU,-32.5833,151.7833,71.15,57,87,7.85,overcast clouds
198,Amarante Do Maranhao,BR,-5.5667,-46.7422,70.83,57,0,2.59,clear sky
199,Kununurra,AU,-15.7667,128.7333,91.38,9,8,8.05,clear sky
200,Nouadhibou,MR,20.931,-17.0347,70.34,85,6,17.63,clear sky
201,Klaksvik,FO,62.2266,-6.589,50.92,93,100,27.92,overcast clouds
202,Ontario,US,34.0633,-117.6509,88.88,45,20,10.36,few clouds
203,Senneterre,CA,48.3835,-77.2328,62.69,68,100,2.68,overcast clouds
204,Linxia,CN,35.6003,103.2064,61.02,90,100,5.55,overcast clouds
205,Bakaly,RU,55.1789,53.8028,65.61,53,36,7.52,scattered clouds
206,Hamilton,US,39.1834,-84.5333,67.98,86,0,0.0,clear sky
207,Bahia Blanca,AR,-38.7196,-62.2724,39.51,65,35,10.33,scattered clouds
208,Brae,GB,60.3964,-1.353,51.12,78,51,15.03,broken clouds
209,Raudeberg,NO,61.9875,5.1352,52.47,33,79,6.89,broken clouds
210,Sao Gabriel Da Cachoeira,BR,-0.1303,-67.0892,75.22,86,89,0.36,overcast clouds
211,Darhan,MN,49.4867,105.9228,60.6,67,90,1.01,overcast clouds
212,Alofi,NU,-19.0595,-169.9187,69.69,78,9,19.57,clear sky
213,Saskylakh,RU,71.9167,114.0833,44.67,80,100,17.16,overcast clouds
214,Gizo,SB,-8.103,156.8419,81.46,76,21,12.03,light rain
215,Saldanha,ZA,-33.0117,17.9442,50.05,82,42,21.25,light rain
216,Lebu,CL,-37.6167,-73.65,45.27,81,71,5.88,broken clouds
217,Igurubi,TZ,-4.0,33.7,68.04,41,24,4.56,few clouds
218,Dzilam Gonzalez,MX,21.2833,-88.9333,77.68,85,82,7.72,broken clouds
219,Batemans Bay,AU,-35.7167,150.1833,67.06,47,100,11.01,overcast clouds
220,Muskogee,US,35.5834,-95.3336,72.34,89,100,4.61,overcast clouds
221,Atar,MR,20.5169,-13.0499,87.33,52,71,11.83,broken clouds
222,Tres Arroyos,AR,-38.3739,-60.2798,37.87,78,14,13.02,light rain
223,Leningradskiy,RU,69.3833,178.4167,38.7,82,41,11.54,scattered clouds
224,Ha Tinh,VN,18.3333,105.9,92.3,55,12,4.38,few clouds
225,Krasnoselkup,RU,65.7,82.4667,63.61,45,40,21.81,scattered clouds
226,Nan,TH,18.8333,100.6667,82.42,70,40,6.91,scattered clouds
227,Goderich,CA,43.7501,-81.7165,63.91,94,99,2.3,overcast clouds
228,Bandarbeyla,SO,9.4942,50.8122,81.86,62,95,26.13,overcast clouds
229,Inuvik,CA,68.3499,-133.7218,68.86,58,100,3.44,overcast clouds
230,Bonga,ET,7.2833,36.2333,60.51,98,99,0.76,light rain
231,Ahipara,NZ,-35.1667,173.1667,63.75,94,100,21.36,moderate rain
232,Vila Franca Do Campo,PT,37.7167,-25.4333,70.2,74,81,6.4,broken clouds
233,Platanos,GR,37.6667,21.6167,74.08,45,0,3.85,clear sky
234,Chokurdakh,RU,70.6333,147.9167,61.21,47,100,14.27,overcast clouds
235,Narsaq,GL,60.9167,-46.05,43.02,74,1,2.26,clear sky
236,Ostrovnoy,RU,68.0531,39.5131,69.03,68,20,22.37,few clouds
237,Sao Jose Da Coroa Grande,BR,-8.8978,-35.1478,73.69,82,61,14.2,broken clouds
238,Namibe,AO,-15.1961,12.1522,59.32,90,25,3.33,scattered clouds
239,Kungurtug,RU,50.5994,97.5228,58.77,38,76,2.98,broken clouds
240,Belmonte,BR,-15.8631,-38.8828,71.29,80,57,11.97,broken clouds
241,Manokwari,ID,-0.8667,134.0833,82.45,75,78,5.37,broken clouds
242,Fougeres,FR,48.35,-1.2,60.66,94,0,2.91,clear sky
243,Yagodnoye,RU,62.55,149.6667,60.4,62,94,6.11,overcast clouds
244,Urumqi,CN,43.801,87.6005,72.55,23,0,8.95,clear sky
245,Waitati,NZ,-45.75,170.5667,49.68,97,100,4.23,light rain
246,Bichura,RU,50.5881,107.6022,65.01,46,100,3.18,overcast clouds
247,Te Anau,NZ,-45.4167,167.7167,49.05,98,100,1.19,light rain
248,Oparino,RU,59.8518,48.2783,64.74,76,62,4.72,broken clouds
249,Dudinka,RU,69.4058,86.1778,52.63,50,12,20.33,few clouds
250,Ouadda,CF,8.0777,22.4007,67.33,99,100,6.11,light rain
251,Teluk Nibung,ID,3.001,99.8164,77.2,90,97,0.98,overcast clouds
252,Somerset,US,40.5668,-74.5496,71.49,83,100,0.0,overcast clouds
253,Hobyo,SO,5.3505,48.5268,79.11,70,38,20.65,scattered clouds
254,Fauske,NO,67.2588,15.3918,50.04,52,97,2.48,overcast clouds
255,Adrar,MR,20.5022,-10.0711,89.33,38,27,7.31,light rain
256,Beringovskiy,RU,63.05,179.3167,46.08,68,55,4.83,broken clouds
257,Vredendal,ZA,-31.6683,18.5012,51.37,91,70,4.14,broken clouds
258,Pyay,MM,18.8167,95.2167,79.54,91,100,14.63,light rain
259,Teahupoo,PF,-17.8333,-149.2667,66.16,80,100,7.36,light rain
260,Hay River,CA,60.8156,-115.7999,73.38,49,40,6.91,scattered clouds
261,General Jose Eduvigis Diaz,PY,-27.1667,-58.4167,57.24,67,74,15.88,broken clouds
262,Pasni,PK,25.2631,63.471,82.17,88,89,11.39,overcast clouds
263,Mercedes,AR,-34.6515,-59.4307,39.63,52,1,8.12,clear sky
264,Colomi,BO,-17.35,-65.8667,50.47,69,44,3.38,scattered clouds
265,Ancud,CL,-41.8697,-73.8203,40.68,79,42,0.81,scattered clouds
266,Coquimbo,CL,-29.9533,-71.3436,51.53,93,0,2.3,clear sky
267,Rawson,AR,-43.3002,-65.1023,40.08,59,0,12.75,clear sky
268,Micheweni,TZ,-4.9667,39.8333,75.88,72,49,10.33,scattered clouds
269,Augusto Correa,BR,-1.0217,-46.635,75.27,89,7,3.24,clear sky
270,Broome,US,42.2506,-75.833,60.6,95,0,3.44,clear sky
271,Mutum,BR,-19.8,-41.4383,61.68,95,6,2.75,clear sky
272,Gambela,ET,8.25,34.5833,69.15,93,100,3.8,overcast clouds
273,Asbestos,CA,45.7668,-71.9324,62.13,96,100,11.65,heavy intensity rain
274,Husavik,IS,66.0449,-17.3389,47.93,84,92,6.73,overcast clouds
275,Kavieng,PG,-2.5744,150.7967,84.65,69,67,14.03,broken clouds
276,Kyabe,TD,9.4515,18.9449,69.85,99,100,3.36,light rain
277,Cloquet,US,46.7216,-92.4594,64.38,95,40,3.44,scattered clouds
278,Lavrentiya,RU,65.5833,-171.0,41.0,74,100,13.62,overcast clouds
279,Sorong,ID,-0.8833,131.25,81.01,84,96,15.19,overcast clouds
280,Gazojak,TM,41.1875,61.4036,86.47,14,0,18.37,clear sky
281,Saint George,US,37.1041,-113.5841,84.79,48,0,5.01,clear sky
282,Souillac,MU,-20.5167,57.5167,68.38,88,40,3.44,scattered clouds
283,Puerto Cabezas,NI,14.0351,-83.3888,78.73,89,92,7.49,overcast clouds
284,Laguna,US,38.421,-121.4238,88.32,43,0,6.91,clear sky
285,Kashan,IR,33.9831,51.4364,81.99,11,0,4.61,clear sky
286,San Jose,US,37.3394,-121.895,76.98,67,20,9.22,few clouds
287,Murray Bridge,AU,-35.1167,139.2667,57.13,59,70,15.59,broken clouds
288,Tilichiki,RU,60.4667,166.1,43.83,90,100,12.53,light rain
289,Ebebiyin,GQ,2.1511,11.3353,68.07,93,100,3.04,overcast clouds
290,Nata,PA,8.3333,-80.5167,76.15,90,75,4.56,broken clouds
291,Praia Da Vitoria,PT,38.7333,-27.0667,70.75,83,100,5.35,overcast clouds
292,Ratangarh,IN,28.0833,74.6,85.17,64,27,13.29,scattered clouds
293,Narayanganj,BD,23.6233,90.5011,93.22,45,96,8.77,overcast clouds
294,Leo,BF,11.1,-2.1,70.21,90,41,5.79,scattered clouds
295,Zheleznodorozhnyy,RU,55.7503,38.0042,70.21,57,3,8.99,clear sky
296,Mocuba,MZ,-16.8392,36.9856,67.42,81,0,5.39,clear sky
297,Portland,US,45.5234,-122.6762,87.84,54,75,5.75,broken clouds
298,Jiblah,YE,13.9216,44.1467,67.55,61,100,4.5,overcast clouds
299,Quatre Cocos,MU,-20.2078,57.7625,71.1,76,49,12.08,light rain
300,Namatanai,PG,-3.6667,152.4333,82.38,75,57,10.18,light rain
301,Zaltan,LY,32.947,11.8665,87.37,31,5,9.93,clear sky
302,Mount Gambier,AU,-37.8333,140.7667,53.35,85,93,10.6,overcast clouds
303,Tazmalt,DZ,36.3868,4.3989,72.46,46,70,3.98,broken clouds
304,Stephenville,US,32.2207,-98.2023,77.79,82,75,9.22,light rain
305,Puerto Ayacucho,VE,5.6639,-67.6236,74.88,88,22,1.45,few clouds
306,Evensk,RU,61.95,159.2333,49.26,85,100,11.45,overcast clouds
307,Viedma,AR,-40.8135,-62.9967,41.52,62,8,16.02,clear sky
308,Roald,NO,62.5833,6.1333,52.75,93,0,4.61,clear sky
309,Midland,US,31.9974,-102.0779,76.48,79,75,12.66,moderate rain
310,Lora Del Rio,ES,37.659,-5.5275,69.6,54,0,3.8,clear sky
311,Sao Joao Da Barra,BR,-21.6403,-41.0511,70.75,81,1,25.97,clear sky
312,Nsanje,MW,-16.92,35.262,70.18,76,1,0.78,clear sky
313,Cabo San Lucas,MX,22.8909,-109.9124,83.52,82,100,4.79,overcast clouds
314,Nyrob,RU,60.733,56.7202,57.38,49,38,3.76,scattered clouds
315,Ketchikan,US,55.3422,-131.6461,64.87,94,20,5.75,few clouds
316,Kenai,US,60.5544,-151.2583,55.49,84,75,18.41,broken clouds
317,Middelkerke,BE,51.1558,2.8418,64.0,97,75,2.3,mist
318,Mulege,MX,26.8833,-111.9833,85.3,69,84,3.06,broken clouds
319,Bull Savanna,JM,17.8868,-77.5902,77.43,82,92,3.83,overcast clouds
320,Port-Cartier,CA,50.0334,-66.8654,65.75,68,100,6.96,overcast clouds
321,Arrifes,PT,37.7667,-25.7,68.23,72,20,8.05,few clouds
322,Roma,US,43.2128,-75.4557,64.36,88,40,4.61,scattered clouds
323,La Ronge,CA,55.1001,-105.2842,62.85,88,75,2.3,broken clouds
324,Manoel Urbano,BR,-8.8389,-69.2597,74.46,81,23,3.09,few clouds
325,Luderitz,NA,-26.6481,15.1594,55.13,88,39,11.95,scattered clouds
326,Seabra,BR,-12.4186,-41.7703,54.41,95,0,2.64,clear sky
327,Kawambwa,ZM,-9.7915,29.0791,60.15,54,11,3.83,few clouds
328,Chicama,PE,-7.8447,-79.1469,57.74,88,81,6.24,broken clouds
329,Nago,JP,26.5881,127.9761,91.83,70,81,13.02,broken clouds
330,Natal,BR,-5.795,-35.2094,73.62,94,40,8.05,scattered clouds
331,Lake Havasu City,US,34.4839,-114.3224,96.22,41,0,3.44,clear sky
332,Durban,ZA,-29.8579,31.0292,61.02,73,100,4.0,overcast clouds
333,Tanabe,JP,33.7333,135.3667,87.01,66,75,5.75,broken clouds
334,Asau,RO,46.4333,26.4,63.52,86,13,2.13,few clouds
335,Paita,PE,-5.0892,-81.1144,62.24,85,71,11.45,broken clouds
336,Komsomolskiy,UZ,40.4272,71.7189,83.12,20,0,4.61,clear sky
337,Fukue,JP,32.6881,128.8419,71.96,94,75,3.44,broken clouds
338,Flinders,AU,-34.5833,150.8552,66.06,60,99,3.0,overcast clouds
339,Pangkalanbuun,ID,-2.6833,111.6167,89.91,51,54,6.87,broken clouds
340,Maceio,BR,-9.6658,-35.7353,72.84,88,75,5.75,broken clouds
341,Tiksi,RU,71.6872,128.8694,45.37,84,19,11.92,few clouds
342,Saint-Dizier,FR,48.4167,5.0833,60.69,90,100,4.12,overcast clouds
343,Kawai,JP,34.2333,135.85,77.83,79,85,6.06,overcast clouds
344,Qaqortoq,GL,60.7167,-46.0333,40.06,89,1,3.04,clear sky
345,Prince Rupert,CA,54.3161,-130.3201,62.69,94,0,5.75,clear sky
346,Isangel,VU,-19.55,169.2667,71.31,84,100,12.86,overcast clouds
347,Gander,CA,48.9682,-54.5906,57.33,87,100,6.91,overcast clouds
348,Bima,ID,-8.4667,118.7167,88.3,54,65,8.21,broken clouds
349,Sigli,ID,5.3848,95.9609,85.78,63,69,5.66,broken clouds
350,Haines Junction,CA,60.7522,-137.5108,60.75,41,30,8.05,scattered clouds
351,Campina Verde,BR,-19.5356,-49.4864,72.28,32,3,6.78,clear sky
352,Auburn,US,47.3073,-122.2284,80.4,62,74,1.01,broken clouds
353,Pilar,BR,-9.5972,-35.9567,71.53,89,44,4.97,scattered clouds
354,Planeta Rica,CO,8.4147,-75.5883,74.73,95,1,7.11,clear sky
355,Pizarro,CO,4.9533,-77.366,77.11,88,82,2.28,light rain
356,Oytal,KZ,42.9057,73.2697,76.3,22,0,7.29,clear sky
357,Tuy Hoa,VN,13.0833,109.3,93.87,50,71,6.13,broken clouds
358,Kloulklubed,PW,7.0419,134.2556,82.9,79,100,17.11,overcast clouds
359,West Plains,US,36.7281,-91.8524,68.83,91,0,1.01,mist
360,Ueckermunde,DE,53.7379,14.0447,74.55,81,100,6.78,overcast clouds
361,Havoysund,NO,70.9963,24.6622,50.23,83,100,18.66,light rain
362,Verkhnetulomskiy,RU,68.6073,31.7962,68.13,91,100,8.52,overcast clouds
363,Limbang,MY,4.75,115.0,89.71,50,54,5.17,broken clouds
364,Tessalit,ML,20.1986,1.0114,82.65,57,44,8.37,scattered clouds
365,Magnitogorsk,RU,53.4186,59.0472,50.83,93,100,11.18,mist
366,Thongwa,MM,16.7619,96.5278,84.36,93,100,5.77,overcast clouds
367,Leshukonskoye,RU,64.8989,45.7622,73.08,60,53,6.58,broken clouds
368,Montenegro,ME,42.5,19.3,64.15,83,0,0.0,clear sky
369,Schwabisch Hall,DE,49.1113,9.7391,66.06,94,100,4.61,light rain
370,Brisbane,AU,-27.4679,153.0281,76.75,40,0,10.36,clear sky
371,Port Hardy,CA,50.6996,-127.4199,66.38,82,20,2.3,few clouds
372,Kalmunai,LK,7.4167,81.8167,87.28,60,79,4.05,broken clouds
373,Port-Gentil,GA,-0.7193,8.7815,74.3,87,100,9.93,overcast clouds
374,Sakata,JP,38.9167,139.855,73.58,100,75,17.27,broken clouds
375,Byron Bay,AU,-28.65,153.6167,73.71,56,0,7.2,clear sky
376,Manjacaze,MZ,-24.7117,33.8828,63.07,62,1,9.89,clear sky
377,Kupang,ID,-10.1667,123.5833,88.38,48,20,20.71,few clouds
378,Olinda,BR,-8.0089,-34.8553,76.73,69,40,10.36,scattered clouds
379,Vao,NC,-22.6667,167.4833,63.43,83,100,14.85,light rain
380,Kjollefjord,NO,70.9457,27.3465,50.05,87,75,10.36,light rain
381,San Jacinto,US,33.7839,-116.9586,90.93,40,1,3.0,clear sky
382,Voyvozh,RU,62.892,54.9635,60.44,41,35,1.07,scattered clouds
383,Emerald,AU,-23.5333,148.1667,73.35,29,0,6.44,clear sky
384,Biga,TR,40.2281,27.2422,76.05,55,1,0.78,clear sky
385,Zarechnyy,RU,53.2036,45.1923,71.24,44,100,10.18,light rain
386,Jiaohe,CN,43.7286,127.3447,78.28,68,81,8.77,broken clouds
387,Christchurch,NZ,-43.5333,172.6333,52.0,91,100,6.91,overcast clouds
388,Bristol,US,41.8334,-71.1662,67.48,73,64,1.01,broken clouds
389,Ygatimi,PY,-24.0833,-55.5,67.69,98,100,8.05,light rain
390,Pontes E Lacerda,BR,-15.2261,-59.3353,77.11,57,32,5.01,scattered clouds
391,Hofn,IS,64.2539,-15.2082,48.11,89,100,3.04,overcast clouds
392,Georgetown,MY,5.4112,100.3354,87.89,70,40,16.11,scattered clouds
393,Tukrah,LY,32.5341,20.5791,79.77,80,1,5.37,clear sky
394,Tambura,SS,5.6,27.4667,65.82,97,100,4.47,overcast clouds
395,Elko,US,41.0002,-115.5012,80.22,24,3,1.99,clear sky
396,Pochutla,MX,15.7432,-96.4661,79.83,93,99,3.22,overcast clouds
397,Kodinsk,RU,58.6881,99.1844,50.61,98,100,5.64,light rain
398,Kurumkan,RU,54.3,110.3,62.8,52,51,3.65,broken clouds
399,Provideniya,RU,64.3833,-173.3,51.91,58,75,15.66,broken clouds
400,Camopi,GF,3.1655,-52.3158,70.59,99,26,2.64,scattered clouds
401,Frederikshavn,DK,57.4407,10.5366,60.69,81,99,3.33,overcast clouds
402,Hunchun,CN,42.8675,130.3581,83.8,57,13,1.99,few clouds
403,Sooke,CA,48.3746,-123.7276,80.58,64,1,23.02,clear sky
404,Komsomolets,KZ,53.7453,62.0708,60.12,50,63,11.3,broken clouds
405,Florianopolis,BR,-27.6146,-48.5012,66.42,96,40,10.36,scattered clouds
406,Creston,US,41.0586,-94.3614,69.71,88,0,4.61,clear sky
407,Cacule,BR,-14.5033,-42.2222,62.1,78,9,6.71,clear sky
408,Severo-Yeniseyskiy,RU,60.3725,93.0408,57.52,75,93,6.64,light rain
409,Eenhana,NA,-17.4667,16.3333,52.57,31,1,1.95,clear sky
410,Nicoya,CR,10.1483,-85.452,74.52,93,89,2.33,overcast clouds
411,Maturin,VE,9.75,-63.1767,71.96,91,10,4.25,clear sky
412,Chumphon,TH,10.3333,98.8333,85.51,60,69,8.7,broken clouds
413,Sur,OM,22.5667,59.5289,93.83,49,76,7.85,broken clouds
414,Fairview,US,40.8126,-73.999,70.48,74,75,4.61,broken clouds
415,Nhulunbuy,AU,-12.2333,136.7667,81.21,50,20,12.66,few clouds
416,Kibondo,TZ,-3.5864,30.7203,64.09,64,85,2.8,overcast clouds
417,Aswan,EG,24.0934,32.907,85.3,28,0,6.91,clear sky
418,Yerbogachen,RU,61.2767,108.0108,52.21,93,100,7.07,light rain
419,Kondagaon,IN,19.6,81.6667,83.88,65,35,10.4,scattered clouds
420,Mbuji-Mayi,CD,-6.15,23.6,69.39,82,59,2.35,broken clouds
421,Basco,PH,20.4487,121.9702,80.73,83,100,16.02,moderate rain
422,Puerto Escondido,MX,15.85,-97.0667,81.43,69,100,0.0,overcast clouds
423,Gunjur,GM,13.2019,-16.7339,73.47,100,75,0.0,light rain
424,Terrak,NO,65.087,12.3715,49.87,86,19,4.16,few clouds
425,Lompoc,US,34.6391,-120.4579,60.53,94,100,5.75,fog
426,Kamalpur,IN,24.2,91.8333,94.6,54,56,4.97,light rain
427,Ipixuna,BR,-1.7625,-48.8043,72.5,93,7,4.27,clear sky
428,Hovd,MN,48.0056,91.6419,67.93,12,13,5.75,few clouds
429,Mandiana,GN,10.6333,-8.6833,67.96,98,68,4.05,broken clouds
430,Keetmanshoop,NA,-26.5833,18.1333,46.35,74,36,7.83,scattered clouds
431,San Luis,AR,-33.295,-66.3356,41.49,31,2,6.2,clear sky
432,Bosaso,SO,11.2842,49.1816,93.18,38,0,23.02,clear sky
433,Kidal,ML,18.4411,1.4078,81.28,59,63,9.08,broken clouds
434,San Anselmo,US,37.9747,-122.5616,71.02,79,0,12.66,clear sky
435,Bagdarin,RU,54.4333,113.6,65.88,38,3,2.13,clear sky
436,Nguru,NG,12.8791,10.4526,72.23,86,75,7.67,broken clouds
437,Dingle,PH,10.9995,122.6711,85.05,71,100,3.8,overcast clouds
438,Nioro,GM,13.35,-15.75,73.08,96,100,3.47,overcast clouds
439,Tabou,CI,4.423,-7.3528,73.13,83,36,4.85,scattered clouds
440,Mastic Beach,US,40.7668,-72.8521,66.97,94,100,4.0,overcast clouds
441,Churapcha,RU,62.0025,132.4325,65.62,47,36,6.29,scattered clouds
442,Severo-Kurilsk,RU,50.6789,156.125,56.53,90,67,14.54,broken clouds
443,Salto,UY,-31.3833,-57.9667,46.87,80,65,8.01,broken clouds
444,Svetlyy,RU,54.675,20.1347,72.97,68,92,5.68,overcast clouds
445,Coahuayana,MX,18.7333,-103.6833,78.87,86,100,2.82,overcast clouds
446,Surt,LY,31.2089,16.5887,82.45,54,0,4.61,clear sky
447,Tawau,MY,4.2498,117.8871,89.73,62,86,7.0,overcast clouds
448,Stornoway,GB,58.2093,-6.3865,55.36,93,100,18.41,overcast clouds
449,Buala,SB,-8.145,159.5921,84.16,66,37,5.97,scattered clouds
450,Tiznit,MA,29.5833,-9.5,69.01,58,0,1.54,clear sky
451,San Isidro,PE,-12.1167,-77.05,60.01,88,100,5.75,overcast clouds
452,Aksu,CN,41.1231,80.2644,80.08,41,0,8.9,clear sky
453,Makat,KZ,47.6469,53.3463,87.35,16,68,12.95,broken clouds
454,Oktyabrskoye,RU,43.0645,44.7417,73.54,78,15,0.0,few clouds
455,Frunze,UA,48.6686,38.7544,81.54,44,34,6.76,scattered clouds
456,Turayf,SA,31.6725,38.6637,79.05,38,0,9.22,clear sky
457,Gayeri,BF,12.6497,0.4931,72.91,85,9,5.75,clear sky
458,Sobolevo,RU,54.4299,31.8996,66.97,73,31,7.43,light rain
459,Baracoa,CU,20.3467,-74.4958,79.45,87,16,3.09,few clouds
460,Pong,TH,19.1493,100.2752,80.1,71,96,4.0,overcast clouds
461,Nyurba,RU,63.2842,118.3319,55.45,90,100,3.42,light rain
462,Zhanakorgan,KZ,43.9098,67.2495,82.58,14,0,25.72,clear sky
463,Freeport,US,40.6576,-73.5832,71.02,69,40,3.44,scattered clouds
464,Presidencia Roque Saenz Pena,AR,-26.7852,-60.4388,57.06,46,77,16.89,broken clouds
465,Acajutla,SV,13.5928,-89.8275,78.53,83,85,3.65,overcast clouds
466,Monte Gordo,PT,37.1819,-7.4523,68.34,65,0,13.24,clear sky
467,Krasnyy Yar,RU,46.5331,48.3456,88.97,21,4,19.84,clear sky
468,Saint Anthony,US,45.0205,-93.218,71.65,92,100,4.61,overcast clouds
469,Alyangula,AU,-13.8483,136.4192,77.47,48,2,4.38,clear sky
470,Mendota,US,36.7536,-120.3816,88.07,25,3,11.25,clear sky
471,Ninghai,CN,29.2892,121.4247,91.96,60,61,12.53,broken clouds
472,Chor,PK,25.5167,69.7667,78.6,90,100,18.32,very heavy rain
473,Zhob,PK,31.3411,69.4481,67.91,96,100,6.64,overcast clouds
474,Yenotayevka,RU,47.2456,47.0281,87.42,30,68,18.32,broken clouds
475,Bay City,US,43.5945,-83.8889,66.42,86,40,3.44,scattered clouds
476,Castlemaine,AU,-37.0667,144.2167,54.28,81,98,9.35,light rain
477,Lerwick,GB,60.1545,-1.1494,53.6,76,53,16.49,broken clouds
478,Lata,PT,40.1629,-8.3327,52.74,91,2,3.71,clear sky
479,Vila,PT,42.0304,-8.1588,49.08,83,22,5.99,few clouds
480,Omboue,GA,-1.5746,9.2618,73.18,87,98,5.39,overcast clouds
481,Swan River,CA,52.1058,-101.2676,64.29,88,90,1.14,overcast clouds
482,Palu,ID,-0.8917,119.8707,88.68,63,97,3.51,overcast clouds
483,Cherskiy,RU,68.75,161.3,61.79,39,3,17.47,clear sky
484,Ejby,DK,55.4858,12.0817,65.91,88,100,3.44,moderate rain
485,Kontagora,NG,10.3999,5.4695,70.7,91,82,3.94,broken clouds
486,Kahului,US,20.8947,-156.47,84.22,74,20,21.85,few clouds
487,Buloh Kasap,MY,2.5536,102.764,92.53,47,13,6.24,few clouds
488,Biak,ID,-0.9131,122.8766,80.26,77,95,6.2,overcast clouds
489,Muros,ES,42.7762,-9.0603,56.84,88,6,8.9,clear sky
490,Tyret Pervaya,RU,53.6703,102.3106,48.47,95,100,8.81,moderate rain
491,Usinsk,RU,65.9939,57.5281,56.95,46,69,8.79,broken clouds
492,Pamanukan,ID,-6.2842,107.8106,91.63,42,43,11.88,scattered clouds
493,Le Port,RE,-20.9373,55.2919,75.16,59,0,2.39,clear sky
494,Sault Sainte Marie,CA,46.5168,-84.3333,62.89,89,0,3.44,clear sky
495,Antofagasta,CL,-23.65,-70.4,56.48,78,33,7.25,scattered clouds
496,Pyapon,MM,16.2833,95.6833,83.17,80,99,14.7,overcast clouds
497,Vila Do Maio,CV,15.1333,-23.2167,79.59,78,100,13.58,overcast clouds
498,Dwarka,IN,22.2394,68.9678,81.73,84,100,20.6,light rain
499,Islamkot,PK,24.6997,70.177,81.64,82,100,17.45,moderate rain
500,Nurota,UZ,40.5614,65.6886,79.72,15,0,19.8,clear sky
501,Sunland Park,US,31.7965,-106.58,72.81,80,20,5.75,few clouds
502,Pitimbu,BR,-7.4706,-34.8086,72.19,80,37,13.47,scattered clouds
503,Diffa,NE,13.3154,12.6113,74.23,83,76,9.01,broken clouds
504,Kosa,RU,59.9445,54.9977,56.86,48,19,4.32,few clouds
505,San Felipe,VE,10.3399,-68.7425,73.02,93,34,2.04,scattered clouds
506,Colesberg,ZA,-30.72,25.0972,38.84,79,62,5.41,broken clouds
507,Almaznyy,RU,48.0448,40.045,79.93,46,81,7.11,broken clouds
508,Meadow Lake,US,34.8014,-106.5436,77.11,59,45,5.19,scattered clouds
509,Yankton,US,42.8711,-97.3973,71.85,78,0,6.91,clear sky
510,Borger,NL,52.9233,6.7931,64.8,95,88,7.16,overcast clouds
511,Tevaitoa,PF,-16.7833,-151.5,70.59,85,100,5.06,light rain
512,Khani,GE,41.9563,42.9566,69.37,43,3,2.15,clear sky
513,Sakakah,SA,29.9697,40.2064,90.97,19,50,3.87,scattered clouds
514,Perbaungan,ID,3.5679,98.956,80.17,76,96,3.74,light rain
515,Tanout,NE,14.9709,8.8879,79.54,66,61,16.2,broken clouds
516,Santa Fe,AR,-31.6333,-60.7,47.98,47,68,8.99,light rain
517,Iralaya,HN,15.0,-83.2333,80.11,87,100,9.48,overcast clouds
518,Cap-Chat,CA,49.1001,-66.6821,59.0,88,100,11.5,light rain
519,Matamoros,MX,25.5333,-103.25,77.86,52,84,6.24,broken clouds
520,Kinablangan,PH,7.6947,126.5503,75.13,94,100,2.77,overcast clouds
521,Alice Springs,AU,-23.7,133.8833,87.35,8,3,13.8,clear sky
522,Mpanda,TZ,-6.3655,31.0409,67.28,43,27,2.59,scattered clouds
523,Glendive,US,47.1053,-104.7125,74.82,49,0,9.22,clear sky
524,Bazpur,IN,29.15,79.1167,92.73,49,14,4.59,few clouds
525,Beshpagir,RU,45.0217,42.3808,76.42,66,35,6.2,scattered clouds
526,Stoughton,US,42.1251,-71.1023,69.39,78,40,9.22,scattered clouds
527,Beitbridge,ZW,-22.2167,30.0,65.1,37,42,4.81,scattered clouds
528,Pachora,IN,20.6667,75.35,84.34,66,65,14.2,broken clouds
529,Dukat,RU,62.55,155.55,42.53,93,100,5.37,overcast clouds
530,Acapulco,MX,16.8634,-99.8901,82.22,74,40,4.61,scattered clouds
531,Aksarka,RU,66.5606,67.7975,54.39,52,86,11.3,overcast clouds
532,Aklavik,CA,68.2191,-135.0107,62.73,69,100,6.73,overcast clouds
533,Riyadh,SA,24.6877,46.7219,89.74,10,59,15.43,broken clouds
534,Sawakin,SD,19.1059,37.3321,94.15,50,31,12.46,scattered clouds
535,Madang,PG,-5.2246,145.7966,81.03,86,76,10.65,broken clouds
536,Pak Phanang,TH,8.3511,100.202,93.22,53,33,2.98,scattered clouds
537,Nizhniy Ingash,RU,56.2,96.53,49.39,81,86,9.04,overcast clouds
538,Lawton,US,34.6087,-98.3903,76.91,72,100,11.5,overcast clouds
539,Yatou,CN,37.15,122.3833,80.42,71,88,11.36,overcast clouds
540,Carinhanha,BR,-14.3047,-43.765,68.7,47,6,6.42,clear sky
541,La Macarena,CO,2.1837,-73.7849,71.01,97,12,3.0,few clouds
542,Beirut,LB,33.8889,35.4944,77.74,69,20,3.44,few clouds
543,Wilkie,CA,52.4168,-108.7014,62.98,79,90,6.29,overcast clouds
544,Chapaevsk,RU,52.9813,49.7112,73.85,43,100,15.43,overcast clouds
545,Marquette,US,46.5333,-87.6335,63.84,78,97,7.09,overcast clouds
546,Slave Lake,CA,55.2834,-114.769,66.18,77,0,3.44,clear sky
547,Abu Kamal,SY,34.4506,40.9171,88.86,32,0,12.12,clear sky
548,Sohagpur,IN,22.7,78.2,81.07,77,28,11.88,scattered clouds
549,Mayumba,GA,-3.432,10.6554,69.84,91,13,5.32,few clouds
550,Half Moon Bay,US,37.4636,-122.4286,72.45,84,0,14.97,mist
551,Metro,ID,-5.1131,105.3067,83.57,72,60,8.84,broken clouds
552,San Jeronimo,PE,-11.9472,-75.2829,50.36,75,15,1.1,few clouds
553,Kieta,PG,-6.2167,155.6333,82.8,76,22,6.87,light rain
554,Kapit,MY,2.0167,112.9333,94.5,47,89,0.96,overcast clouds
555,Bartica,GY,6.4,-58.6167,75.52,97,9,2.44,clear sky
556,Matagami,CA,49.7502,-77.6328,53.71,82,0,0.0,clear sky
557,Pryozerne,UA,45.2698,36.3303,79.79,63,23,5.06,few clouds
558,Rovaniemi,FI,66.5,25.7167,51.21,93,40,10.36,scattered clouds
559,Sinolon,PH,6.2439,124.8144,75.78,78,100,4.56,overcast clouds
560,Ginir,ET,7.1333,40.7,60.69,70,76,12.06,broken clouds
561,Niquelandia,BR,-14.4739,-48.4597,70.41,35,0,3.76,clear sky
562,Margate,GB,51.3813,1.3862,64.31,94,25,1.01,scattered clouds
563,Chumikan,RU,54.7183,135.315,61.02,94,100,2.3,light rain
564,Parrita,CR,9.5201,-84.3225,78.08,88,72,1.39,broken clouds
565,Bac Lieu,VN,9.285,105.7244,88.03,62,64,8.95,broken clouds
566,Champerico,GT,14.3,-91.9167,76.3,92,100,8.72,overcast clouds
567,West Bay,KY,19.3667,-81.4167,84.0,81,96,1.99,overcast clouds
568,Los Llanos De Aridane,ES,28.6585,-17.9182,67.75,80,40,11.5,scattered clouds
569,Gat,IL,31.61,34.7642,79.39,100,0,1.77,clear sky
570,Ginda,IN,30.6945,78.4932,75.04,74,54,5.17,broken clouds
571,Xuanhua,CN,40.6103,115.0447,70.66,98,100,5.88,light rain
572,Timoteo,BR,-19.5825,-42.6444,67.06,92,3,3.85,clear sky
573,Gull Lake,CA,50.1001,-108.4847,67.69,47,6,6.87,clear sky
574,Along,IN,28.1667,94.7667,92.46,55,100,1.72,overcast clouds
575,Teberda,RU,43.4456,41.7448,72.03,58,42,0.92,scattered clouds
576,Westport,US,41.1415,-73.3579,69.03,89,75,4.61,broken clouds
577,Badhni Kalan,IN,30.6833,75.2833,87.94,66,0,7.9,clear sky
578,Paysandu,UY,-32.3214,-58.0756,43.61,48,100,7.54,overcast clouds
579,Xichang,CN,27.8964,102.2634,82.6,62,92,2.68,overcast clouds
580,Strezhevoy,RU,60.7333,77.5889,50.43,78,100,8.39,overcast clouds
581,Pauini,BR,-7.7136,-66.9764,74.46,83,4,2.37,clear sky
582,Sistranda,NO,63.7256,8.834,46.36,75,10,17.27,clear sky
583,Tobermory,CA,45.2501,-81.6665,68.88,75,53,4.92,broken clouds
584,Akita,JP,39.7167,140.1167,72.54,100,75,6.91,light intensity shower rain
585,Ugoofaaru,MV,5.6667,73.0,80.78,74,69,3.18,broken clouds
586,Jacareacanga,BR,-6.2222,-57.7528,79.77,50,30,2.04,scattered clouds
587,Tsabong,BW,-26.0217,22.401,46.85,58,0,14.16,clear sky
588,Santa Marta,CO,11.2408,-74.199,80.65,83,20,5.75,few clouds
589,Quiniput,PH,7.1783,122.221,73.31,74,100,4.09,overcast clouds
590,Vila Velha,BR,-20.3297,-40.2925,71.55,87,40,10.0,scattered clouds
591,College,US,64.8569,-147.8028,71.58,47,75,6.91,broken clouds
592,Baruun-Urt,MN,46.6806,113.2792,58.15,56,100,17.29,overcast clouds
593,Krabi,TH,8.0726,98.9105,89.06,83,75,3.44,broken clouds
594,Mandera,KE,3.9366,41.867,76.14,61,68,17.02,broken clouds
595,Kudahuvadhoo,MV,2.6708,72.8944,81.9,73,59,6.46,broken clouds
596,Dongargaon,IN,20.9667,80.85,86.76,61,6,10.38,clear sky
597,Eregli,TR,37.5133,34.0467,75.92,31,0,2.53,clear sky
598,Rzeszow,PL,50.0413,21.999,60.82,100,40,2.3,mist
599,Panaba,MX,21.2833,-88.2667,75.88,90,96,6.69,overcast clouds
600,Salalah,OM,17.0151,54.0924,75.29,100,100,6.91,light intensity drizzle
601,Quthing,LS,-30.4,27.7003,43.39,43,100,3.67,overcast clouds
602,Baykit,RU,61.67,96.37,65.91,43,94,5.3,overcast clouds
603,Haysville,US,37.5645,-97.3523,74.34,68,40,4.61,scattered clouds
604,Muravlenko,RU,63.7898,74.523,50.83,82,88,10.38,overcast clouds
605,Shahrud,IR,36.4182,54.9763,77.63,10,0,4.74,clear sky
606,Honiara,SB,-9.4333,159.95,83.34,67,41,2.46,scattered clouds
607,Bajil,YE,15.0584,43.2851,87.69,51,100,4.43,overcast clouds
608,Bairiki,KI,1.3292,172.9752,86.0,70,20,11.5,few clouds
609,Aykhal,RU,66.0,111.5,48.34,84,100,16.8,overcast clouds
610,Cayenne,GF,4.9333,-52.3333,78.84,89,100,1.14,overcast clouds
611,Trabzon,TR,40.9167,39.8333,71.69,78,75,9.22,broken clouds
612,Altea,ES,38.5989,-0.0514,77.63,50,29,3.0,scattered clouds
613,Sirjan,IR,29.452,55.6814,79.61,12,0,12.08,clear sky
614,San Andres,CO,12.5847,-81.7006,82.42,89,20,8.05,few clouds
615,Kamyshla,RU,54.1169,52.1426,69.44,43,98,8.39,overcast clouds
616,Valparaiso,CL,-33.0393,-71.6273,52.48,74,0,5.75,clear sky
617,Aktas,KZ,49.7789,72.9608,56.95,34,38,10.94,scattered clouds
618,Lima,PE,-12.0432,-77.0282,58.89,88,100,5.75,overcast clouds
619,Soldotna,US,60.4878,-151.0583,55.42,82,100,18.41,overcast clouds
620,Yining,CN,29.0361,114.5636,103.01,34,69,4.38,broken clouds
621,Maldonado,UY,-34.6667,-54.9167,51.19,62,83,14.81,broken clouds
622,Nayoro,JP,44.3506,142.4578,74.64,72,100,5.06,light rain
623,Batagay,RU,67.6333,134.6333,72.05,42,90,5.95,overcast clouds
624,Shahr-E Babak,IR,30.1165,55.1186,76.77,12,0,15.43,clear sky
625,Yulara,AU,-25.2406,130.9889,80.44,32,0,17.27,clear sky
626,Prainha,BR,-1.8,-53.48,74.97,67,0,2.53,clear sky
627,San Patricio,US,28.017,-97.5169,85.89,80,68,8.79,broken clouds
628,Arlit,NE,18.7369,7.3853,87.8,44,5,5.01,clear sky
629,Roebourne,AU,-20.7833,117.1333,82.69,31,41,12.08,scattered clouds
630,Lisa,RO,43.8,25.1333,75.24,52,0,3.96,clear sky
631,Erdenet,MN,49.0333,104.0833,56.46,74,86,6.06,overcast clouds
632,Banepa,NP,27.6298,85.5214,80.92,65,40,3.44,scattered clouds
633,Chililabombwe,ZM,-12.3648,27.8229,58.32,58,4,4.09,clear sky
634,Talcahuano,CL,-36.7167,-73.1167,40.68,100,7,2.3,mist
635,Ganzhou,CN,28.8184,115.4327,101.46,39,58,5.26,broken clouds
636,Acari,PE,-15.4311,-74.6158,61.97,70,57,4.5,broken clouds
637,Kaura Namoda,NG,12.5898,6.5779,73.78,90,100,5.46,light rain
638,Filadelfia,US,39.9523,-75.1638,69.82,84,61,5.14,broken clouds
639,Novocheboksarsk,RU,56.111,47.4776,68.56,60,0,6.71,clear sky
640,Ryotsu,JP,38.0833,138.4333,78.64,77,63,14.58,broken clouds
641,Brokopondo,SR,4.75,-55.1667,75.45,89,67,2.46,broken clouds
642,Mecca,SA,21.4267,39.8261,86.29,64,22,5.06,few clouds
643,Osmaniye,TR,37.0742,36.2478,79.27,73,0,2.15,clear sky
644,Gimli,CA,50.6336,-96.9907,63.45,93,94,10.42,overcast clouds
645,Turbat,PK,26.0023,63.044,86.86,70,97,5.97,overcast clouds
646,Canavieiras,BR,-15.675,-38.9472,69.6,84,40,7.31,scattered clouds
647,Pringsewu,ID,-5.3582,104.9744,82.35,78,60,3.22,broken clouds
648,Hirara,JP,24.8,125.2833,89.87,70,75,18.41,broken clouds
649,Gamba,GA,-2.65,10.0,70.57,90,67,5.01,broken clouds
650,Djibo,BF,14.1022,-1.6306,77.25,80,93,12.24,overcast clouds
651,Bubaque,GW,11.2833,-15.8333,78.53,82,100,15.48,moderate rain
652,Derzhavinsk,KZ,51.1,66.3167,62.22,38,92,14.41,overcast clouds
653,Weatherford,US,32.7593,-97.7972,76.46,82,84,9.78,broken clouds
654,Madras,IN,13.0878,80.2785,89.58,73,20,10.36,few clouds
655,Amravati,IN,20.9333,77.75,82.2,71,5,12.39,clear sky
656,Arman,RU,59.7,150.1667,53.98,97,100,6.08,light rain
657,Touros,BR,-5.1989,-35.4608,73.58,84,100,15.08,overcast clouds
658,Samarai,PG,-10.6167,150.6667,77.58,58,54,11.81,broken clouds
659,Pacific Grove,US,36.6177,-121.9166,62.2,92,100,3.44,overcast clouds
660,Panlaitan,PH,12.1191,119.8486,83.35,72,91,6.8,overcast clouds
661,Celestun,MX,20.8667,-90.4,80.31,82,22,13.04,few clouds
662,Svetlogorsk,BY,52.6333,29.7333,66.58,72,23,7.34,few clouds
663,Pucallpa,PE,-8.3791,-74.5539,80.64,74,20,6.91,few clouds
664,Mount Pleasant,US,32.7941,-79.8626,71.58,97,0,1.01,mist
665,Bowen,AU,-20.0167,148.2333,69.55,56,58,14.14,broken clouds
666,Hue,VN,16.4667,107.6,95.11,46,20,4.61,few clouds
667,Kirakira,SB,-10.4544,161.9205,83.25,64,24,2.59,few clouds
668,Hami,CN,42.8,93.45,80.02,25,0,5.12,clear sky
669,Pisco,PE,-13.7,-76.2167,60.85,82,100,3.44,mist
670,Sesheke,ZM,-17.4759,24.2968,56.88,39,5,4.81,clear sky
671,Grand Gaube,MU,-20.0064,57.6608,72.37,77,38,4.0,scattered clouds
672,Nemuro,JP,43.3236,145.575,66.16,88,100,12.55,overcast clouds
673,Carutapera,BR,-1.195,-46.02,75.99,89,9,5.79,clear sky
674,Preston,GB,53.7667,-2.7167,61.66,77,97,5.93,overcast clouds
675,Balta,UA,47.9355,29.6198,70.3,75,100,6.62,overcast clouds
676,Neuquen,AR,-38.9516,-68.0591,37.29,70,0,3.44,clear sky
677,Bayan,CN,46.0833,127.4,79.97,64,81,15.5,broken clouds
678,Tutoia,BR,-2.7619,-42.2744,77.14,85,58,13.31,broken clouds
679,Hobbs,US,32.7026,-103.136,75.81,64,20,3.44,few clouds
680,Teacapan,MX,22.55,-105.75,79.72,83,100,2.48,overcast clouds
681,Cochrane,CA,51.1834,-114.4687,69.04,71,0,9.22,clear sky
682,Oriximina,BR,-1.7656,-55.8661,75.97,60,1,4.12,clear sky
683,Ust-Maya,RU,60.4167,134.5333,65.79,51,100,1.63,overcast clouds
684,Tullow,IE,52.8003,-6.7369,58.24,81,100,5.48,overcast clouds
685,Raipur,IN,21.2333,81.6333,86.14,79,40,10.36,scattered clouds
686,Bathsheba,BB,13.2167,-59.5167,81.21,83,40,14.97,scattered clouds
687,Saint-Prosper,CA,46.2117,-70.4811,60.03,96,100,11.72,overcast clouds
688,Nhamunda,BR,-2.1861,-56.7131,76.8,59,54,3.42,broken clouds
689,Kita,ML,13.0349,-9.4895,70.09,98,94,2.77,overcast clouds
690,Cardston,CA,49.2,-113.3019,66.29,52,0,2.3,clear sky
691,Ardakan,IR,32.31,54.0175,86.38,11,0,5.79,clear sky
692,Iglesias,IT,39.3114,8.535,83.93,93,64,2.8,broken clouds
693,Werda,BW,-25.2667,23.2833,47.79,38,0,11.16,clear sky
694,Teodoro Sampaio,BR,-22.5325,-52.1675,65.46,88,46,6.44,heavy intensity rain
695,Bani Walid,LY,31.7566,13.9942,81.46,31,0,5.97,clear sky
696,Rocha,UY,-34.4833,-54.3333,47.35,66,97,12.19,overcast clouds
697,Moron,AR,-34.6534,-58.6198,49.75,51,21,8.12,few clouds
698,Novokruchininskiy,RU,51.7833,113.7667,62.33,34,100,6.06,overcast clouds
699,Alihe,CN,50.5667,123.7167,77.05,27,35,8.3,scattered clouds
700,Bangassou,CF,4.7413,22.8184,67.73,99,99,1.92,overcast clouds
701,Upernavik,GL,72.7868,-56.1549,39.27,97,100,12.93,light rain
702,Ushuaia,AR,-54.8,-68.3,38.86,60,75,12.66,broken clouds
703,Nanortalik,GL,60.1432,-45.2371,38.77,92,29,9.69,scattered clouds
704,Iracoubo,GF,5.4802,-53.2011,75.67,88,26,5.66,light rain
705,Longyearbyen,SJ,78.2186,15.6401,44.44,81,75,3.44,broken clouds
706,Arzgir,RU,45.3728,44.2206,87.19,37,43,9.75,scattered clouds
707,Luba,GQ,3.4568,8.5547,75.09,89,100,2.98,overcast clouds
708,Tecoanapa,MX,16.5167,-98.75,78.46,88,100,4.45,overcast clouds
709,Deputatskiy,RU,69.3,139.9,49.03,81,100,5.03,overcast clouds
710,Vaini,TO,-21.2,-175.2,75.36,78,20,13.8,few clouds
711,Tashtagol,RU,52.7657,87.8894,53.11,82,82,4.41,light rain
712,Kodiak,US,57.79,-152.4072,60.31,67,20,3.44,few clouds
713,Hermanus,ZA,-34.4187,19.2345,54.81,84,73,15.37,moderate rain
714,Cervenia,RO,43.8333,25.4667,75.88,54,0,2.73,clear sky
715,Ipueiras,BR,-7.0333,-40.45,66.2,81,25,11.27,scattered clouds
716,Hilo,US,19.7297,-155.09,80.33,86,40,6.91,scattered clouds
717,Butaritari,KI,3.0707,172.7902,81.73,66,100,12.86,overcast clouds
718,Paamiut,GL,61.994,-49.6678,41.9,85,20,8.52,few clouds
719,Terrace,CA,54.5163,-128.6035,75.11,56,20,5.75,few clouds
720,Olafsvik,IS,64.8945,-23.7142,49.91,82,98,5.93,overcast clouds
721,Busselton,AU,-33.65,115.3333,59.95,59,57,12.82,broken clouds
722,Dharan,NP,26.8125,87.2835,90.19,61,35,4.83,scattered clouds
723,Steinbach,DE,50.1667,8.5667,70.09,76,0,2.3,clear sky
724,Charcas,MX,23.1333,-101.1167,62.94,81,6,8.55,clear sky
725,Cockburn Town,TC,21.4612,-71.1419,82.58,75,66,15.46,broken clouds
726,Guangyuan,CN,32.442,105.823,88.66,67,100,6.58,overcast clouds
727,Puerto Ayora,EC,-0.7393,-90.3518,69.55,88,71,3.0,broken clouds
728,Eureka,US,40.8021,-124.1637,73.67,91,44,1.99,scattered clouds
729,Poum,NC,-20.2333,164.0167,69.96,64,2,15.52,clear sky
730,Port Alfred,ZA,-33.5906,26.891,51.19,88,5,3.0,clear sky
731,Palmer,US,42.1584,-72.3287,65.57,83,100,4.61,light rain
732,Astana,KZ,51.1801,71.446,57.15,51,20,8.95,few clouds
733,Nakhon Thai,TH,17.1006,100.8374,85.35,72,59,5.28,broken clouds
734,Kaitangata,NZ,-46.2817,169.8464,48.7,98,100,4.92,overcast clouds
735,Hithadhoo,MV,-0.6,73.0833,81.95,75,100,12.64,overcast clouds
736,Kavaratti,IN,10.5669,72.642,81.54,76,41,11.16,scattered clouds
737,Tezu,IN,27.9167,96.1667,93.52,56,94,3.96,overcast clouds
738,Makakilo City,US,21.3469,-158.0858,84.52,64,40,12.66,scattered clouds
739,Phalodi,IN,27.1333,72.3667,84.33,69,70,25.48,broken clouds
740,Punta Arenas,CL,-53.15,-70.9167,37.51,75,100,14.97,overcast clouds
741,Avarua,CK,-21.2078,-159.775,71.65,64,100,6.91,overcast clouds
742,Atuona,PF,-9.8,-139.0333,77.36,74,9,23.6,clear sky
743,Banda Aceh,ID,5.5577,95.3222,86.27,66,68,8.23,broken clouds
744,Colotlan,MX,22.1,-103.2667,61.95,87,94,1.43,overcast clouds
745,Ulladulla,AU,-35.35,150.4667,64.83,53,100,9.17,light rain
746,Talnakh,RU,69.4865,88.3972,52.21,50,15,20.42,few clouds
747,Tuktoyaktuk,CA,69.4541,-133.0374,57.2,88,100,11.5,overcast clouds
748,Salinas,US,36.6777,-121.6555,68.0,83,100,9.22,haze
749,Rikitea,PF,-23.1203,-134.9692,74.14,75,5,17.38,clear sky
750,Caravelas,BR,-17.7125,-39.2481,69.42,84,29,7.54,scattered clouds
751,Thompson,CA,55.7435,-97.8558,66.36,82,40,5.75,scattered clouds
752,Okhotsk,RU,59.3833,143.3,60.15,82,94,13.02,overcast clouds
753,Boyolangu,ID,-8.1181,111.8935,79.09,78,85,13.44,overcast clouds
754,Nishihara,JP,26.1842,127.7558,91.06,70,75,17.27,broken clouds
755,Nome,US,64.5011,-165.4064,53.67,59,100,5.75,overcast clouds
756,San Cristobal,VE,7.7669,-72.225,69.98,90,2,1.95,clear sky
757,Port Lincoln,AU,-34.7333,135.8667,55.87,70,85,19.06,overcast clouds
758,Mehamn,NO,71.0357,27.8492,48.15,87,75,10.36,light rain
759,Mount Isa,AU,-20.7333,139.5,83.97,11,0,5.75,clear sky
760,Meulaboh,ID,4.1363,96.1285,85.59,64,94,3.83,overcast clouds
761,Albany,US,42.6001,-73.9662,61.86,94,100,3.83,overcast clouds
762,Guanica,PR,17.9716,-66.908,79.92,92,45,4.12,scattered clouds
763,Arraial Do Cabo,BR,-22.9661,-42.0278,71.46,78,0,19.57,clear sky
764,Sitka,US,57.0531,-135.33,57.09,100,100,0.0,mist
765,Muli,MV,2.9167,73.5667,81.91,74,45,6.4,scattered clouds
766,Chuy,UY,-33.6971,-53.4616,47.48,85,34,10.58,scattered clouds
767,Bluff,NZ,-46.6,168.3333,49.35,98,100,9.26,light rain
768,Sao Filipe,CV,14.8961,-24.4956,77.83,78,82,7.45,broken clouds
769,Marsa Matruh,EG,31.3525,27.2453,77.2,88,40,5.75,scattered clouds
770,Tahta,EG,26.7693,31.5021,81.21,46,0,11.52,clear sky
771,Hobart,AU,-42.8794,147.3294,58.86,63,40,18.41,heavy intensity shower rain
772,Barrow,US,71.2906,-156.7887,39.22,87,100,21.85,overcast clouds
773,Hauterive,FR,46.0901,3.4459,59.76,98,91,1.45,overcast clouds
774,High Level,CA,58.5169,-117.136,71.71,60,0,5.75,haze
775,Victoria,HK,22.2855,114.1577,89.96,83,97,5.01,overcast clouds
776,Faya,SA,18.3851,42.4509,64.51,58,43,1.52,scattered clouds
777,Yantal,RU,56.8471,105.2542,52.38,84,100,9.35,light rain
778,Qaanaaq,GL,77.484,-69.3632,34.32,80,100,1.99,overcast clouds
779,Bengkulu,ID,-3.8004,102.2655,85.91,66,32,11.01,scattered clouds
780,Ilulissat,GL,69.2167,-51.1,39.22,93,100,8.05,overcast clouds
781,Castro,BR,-24.7911,-50.0119,60.87,83,100,11.25,overcast clouds
782,Qasigiannguit,GL,68.8193,-51.1922,39.45,98,100,4.63,light rain
783,Jamestown,US,42.097,-79.2353,58.59,72,100,1.01,fog
784,Agadez,NE,19.75,10.25,83.55,18,0,9.1,clear sky
785,Iqaluit,CA,63.7506,-68.5145,40.73,100,100,5.75,light rain
786,Anadyr,RU,64.75,177.4833,54.1,50,40,11.18,scattered clouds
787,Safaga,EG,26.7292,33.9365,88.3,42,0,10.98,clear sky
788,Bredasdorp,ZA,-34.5322,20.0403,52.41,92,60,9.04,light rain
789,Pevek,RU,69.7008,170.3133,43.0,65,18,5.86,few clouds
790,Henties Bay,NA,-22.116,14.2845,52.59,88,0,9.4,clear sky
791,Nyimba,ZM,-14.5566,30.8149,64.87,61,6,2.8,clear sky
